"conversation_id_str","created_at","favorite_count","full_text","id_str","image_url","in_reply_to_screen_name","lang","location","quote_count","reply_count","retweet_count","tweet_url","user_id_str","username"
"1840513141840703704","Sun Sep 29 22:05:02 +0000 2024","0","Bangun pagi langsung anxiety karena harus ke kantor tapi disaat yang bersamaan juga senang karena dapet ide gambar muro hamil baru itu apa banget dah","1840513141840703704","","","in","","0","0","0","https://x.com/Zashache/status/1840513141840703704","134461212","Zashache"
"1840016191706017966","Sun Sep 29 10:24:46 +0000 2024","0","@padangmenfess Kak cari kerja susah tapi aku ngerti ga nyamannya gimana karna aku juga penyitas anxiety ovt gabisa tidur. Pelan-pelan aja coba kak atau ke konselor apalagi dari yg aku dengar2 hamil itu emosinya campur aduk bisa aja karna baru2 hamil jadi sensitif","1840336914093855080","","padangmenfess","in","Nafira's room","0","0","0","https://x.com/nadysfitrir/status/1840336914093855080","269661691","nadysfitrir"
"1839220706942529707","Thu Sep 26 08:29:22 +0000 2024","0","Sedap yakmat weyhh ESP SHAKLEE ni ada promo ni. Bagus untuk kulit gastrik ibu menyusu ibu hamil warga emas.. bantu untuk bagi tenaga dan juga kenyang lebih lama. ESP ni low GI so untuk mereka diabetis blh consume. Tak spike insulin. Nak meh roger https://t.co/MpOeWpFByI","1839220706942529707","https://pbs.twimg.com/media/GYY5esHaMAELW4H.jpg","","in","Selangor, Malaysia","0","1","0","https://x.com/shanizamh/status/1839220706942529707","1232100913805811713","shanizamh"
"1838893037222826438","Wed Sep 25 10:51:19 +0000 2024","0","@bukankecapmanis Cie hamil duluan","1838894041775431939","","bukankecapmanis","in","Bandung, Indonesia","0","1","0","https://x.com/thisisnotrafiq/status/1838894041775431939","76842732","thisisnotrafiq"
"1838864869514424781","Wed Sep 25 08:55:24 +0000 2024","0","Anxiety &gt;&gt;&gt; huwek huwek &gt;&gt;&gt; malah dikira hamil lg","1838864869514424781","","","in","Jakarta Capital Region","0","0","0","https://x.com/mommyolle/status/1838864869514424781","1515019828876439553","mommyolle"
"1766476006163169699","Thu Sep 19 00:38:00 +0000 2024","0","@Khizzle4 dri crrita ini sbnernya guanya bingung sih hehe jujurly gua punya depresi dan anxiety juga tp gua juga ngalamin namanya hamil dan pernah ada di posisi mereka berdua hehehe kaya ini lagi ngaca wkwk brarti kmren2 org skitar gua juga kesel kali ya makanya aku sering banget replay","1836565371152929013","","Khizzle4","in","","1","1","0","https://x.com/yerinmkp/status/1836565371152929013","1634404028187803649","yerinmkp"
"1831420263994683730","Wed Sep 04 19:53:11 +0000 2024","0","Mau ngeluh disini aja jam segini muntah aslam grgr time management jelek - kerjaan ga selesai2 - anxiety tp lg gakuat duduk lama didepan laptop krn hamil itu luar biasa bgt rasanya","1831420263994683730","","","in","","0","0","0","https://x.com/Fugu11puffer/status/1831420263994683730","1757804861545177088","Fugu11puffer"
"1829923656467894564","Sun Sep 01 07:58:00 +0000 2024","0","@atsumeong tp katanya bikin relax kan? gua maju mundur ni ngasi catnip buat kucing gua soalnya lagaknya kaya lg anxiety tp mau ngasi sekarang kayanya dia lagi hamil dah","1830153118862229549","","atsumeong","in","","0","0","0","https://x.com/kusnadipoenya/status/1830153118862229549","2758461713","kusnadipoenya"
"1827041634946839026","Fri Aug 23 17:54:05 +0000 2024","0","gak kebayang bgt lg hamil gede di hujat se-negara krn burket alias BAU KETEK trs di spill sana sini sama orang yg dulu sakit hati sama dia dan bener2 dikulitin abis2an.... mnrt gw boong bgt sih kl doi gak stress anxiety insecure krn kl gw jd dia rasanya PENGEN ILANG AJA BYE‚ÄçÔ∏è","1827041634946839026","","","in","","0","0","0","https://x.com/haechanroom/status/1827041634946839026","1679780357850402817","haechanroom"
"1825485559827214715","Mon Aug 19 10:52:37 +0000 2024","0","pernah jg dosen gw kyk gini waktu gw bilang pernah cuti kuliah 2 semester dia nanya ke aku dgn suara gede ohhh kenapa kamu cuti selama itu CUTI HAMIL KAH? JIR boro-boro hamil gw cuti karna anxiety anjing ","1825486017509347622","","rafayelpretty","in","20+ | MDNI | üêü‚≠êÔ∏è","0","1","0","https://x.com/rafayelpretty/status/1825486017509347622","1747850822040666112","rafayelpretty"
"1824086371805659516","Thu Aug 15 14:10:55 +0000 2024","0","Bulan ini stressnya sampe mempengaruhi hormon haid telat (bukan hamil soalnya udah cek 2x) kepala kaya mau pecah banyak bgt tekanan dari rekan kerja overthinking parah anxiety parah ga tau","1824086371805659516","","","in","","0","1","0","https://x.com/annjaehyung/status/1824086371805659516","1306204795242311680","annjaehyung"
"1823653224353816832","Wed Aug 14 23:20:47 +0000 2024","0","@mestyariotedjo sempet postponed berobat krn hamil dan menyusui lanjut berobat lagi di usia 28th. diagnosisnya anxiety disorder mixed depression. HEHEHE","1823862362245620036","","dancinqgueen_","in","Indonesia","0","3","0","https://x.com/dancinqgueen_/status/1823862362245620036","83156393","dancinqgueen_"
"1820877678700064971","Tue Aug 06 17:46:40 +0000 2024","0","Kondisi apa? Hamil anxiety D3 Obesitas &amp; EKONOMI PASCA COVID...","1820879176024654286","","glick_bait","in","","0","1","0","https://x.com/glick_bait/status/1820879176024654286","1771060661252136960","glick_bait"
"1820396148244496780","Mon Aug 05 09:47:17 +0000 2024","0","Childe bakal tetep seneng karna cita-cita dia membuat kesatuan sepak bola //gak Lebih tepatnya karna Childe suka anak¬≤ + dia udh biasa punya keluarga besar gt :3 Klo Scara tuh keknya panik deh tiap Aya hamil ni orang kebanyakan anxiety tkut jadi bapak yg gagal mulu","1820396148244496780","","","in","Mondstadt","0","0","0","https://x.com/Chiyaraa_/status/1820396148244496780","1771887707561787392","Chiyaraa_"
"1819325880042508742","Fri Aug 02 10:54:25 +0000 2024","0","Post ini bukti kekonyolan indonesian value Safe sex dicepuin Hamil dicepuin Std dicepuin Punya pacar dicepuin G punya pacar dicepuin Semua dicepuin akhirnya pas nikah punya anxiety yg tinggi tentang sex. Akibatnya g segera punya anak dan ujungnya dicepuin lagi","1819325880042508742","","","in","Somewhere","0","0","0","https://x.com/smanggipdes/status/1819325880042508742","1298472470727385089","smanggipdes"
"1813402289614516707","Wed Jul 17 02:36:12 +0000 2024","0","Aya tuh sebenernya agak anxiety pas tahu hamil cuma dia jg seneng krna dia emang selalu pgn pnya anak dan keluarga harmonis (anjay) Klo Childe emang dasarnya family man jdi dia seneng krna impian Aya tercapai. Kalo Scara tuh panik krna dia ngerasa ga pantes gt jadi ayah","1813402291355172989","","Chiyaraa_","in","Mondstadt","0","0","0","https://x.com/Chiyaraa_/status/1813402291355172989","1771887707561787392","Chiyaraa_"
"1811895687677948010","Fri Jul 12 22:58:34 +0000 2024","0","Padahal udh menjalani sc juga anak pertama cuma persiapan yg ke 2 ini lebih bikin anxiety aja karena udah tau prosesnya dan gatau knp lebih sakit anastesinya pas ke 2 ini Gw kasian sama diri sendiri Trus jadi kapok hamil lagi kayanya anak 2 aja cukup ","1811897971728134250","","oktalinee","in","San junipero","0","0","0","https://x.com/oktalinee/status/1811897971728134250","726448567884255233","oktalinee"
"1809870410357575925","Sun Jul 07 08:41:46 +0000 2024","0","Yg komen men don t give birth pengin kujitak. Women juga don t give birth UNLESS penetrated by WHO? MEN. Kagak bisa perempuan hamil sendiri","1809870410357575925","","","in","YK - JKT","0","0","0","https://x.com/semestakatarsis/status/1809870410357575925","795530862896947200","semestakatarsis"
"1768064612031746475","Thu Mar 14 00:00:27 +0000 2024","0","Shila Amzah Kembali Diserang Anxiety Semasa Hamil Memilih Untuk Tidak Keluar Rumah &amp; Jumpa Orang Langsung https://t.co/3WDqknOEeu #khairulaming #sambalnyet #isusemasa","1768064612031746475","","","in","Malaysia","0","0","0","https://x.com/khairulamingfc/status/1768064612031746475","1708877757533589504","khairulamingfc"
"1767719419948773887","Wed Mar 13 01:08:47 +0000 2024","0"," Dulu Saya Terpaksa Hadap Semua Sendiri.. Shila Amzah Dedah Alami Anxiety Semasa Hamil Pernah Bergantung Pada Ubat https://t.co/WMtPjjFFSp https://t.co/VvzSvOV3xf","1767719419948773887","https://pbs.twimg.com/media/GIgzcefbgAAgf67.jpg","","in","","0","0","0","https://x.com/mailensent/status/1767719419948773887","540937856","mailensent"
"1767421867407884336","Tue Mar 12 05:26:24 +0000 2024","2","Shila diserang anxiety ketika hamil #BHhiburan Tak pernah buka mulut kongsi penyakit kegelisahan melampau dihadapi https://t.co/rQVwf1CI7h","1767421867407884336","","","in","Malaysia","0","0","0","https://x.com/bharianmy/status/1767421867407884336","63070483","bharianmy"
"1764673866012717165","Mon Mar 04 15:50:03 +0000 2024","0","@chloerophill Ak kmarin sempet baca komen orang di twt katanya si euihyun udah gejala2 hamil ala omegaverse bgt dari anxiety klo egk deket pasangan sampe yang mimpi ubur2 tu waaaaaaaaaaa","1764679707608629731","","monoceali","in","","0","1","0","https://x.com/monoceali/status/1764679707608629731","880952849860919296","monoceali"
"1763932720152121626","Sat Mar 02 14:37:31 +0000 2024","0","@nabongda Paham. Saya juga sedih soalnya ikut challenge ini hasilnya saya hamil anxiety ","1763936679071740025","","nabongda","in","","0","1","0","https://x.com/peackfinger/status/1763936679071740025","135393728","peackfinger"
"1762120673424781555","Mon Feb 26 17:12:27 +0000 2024","0","@guavajwooz kaya bunuh an antar kriminal or gangster doesnt really gives u that anxiety feeling. tapi kalo ada orang yg hidup normal (ibu hamil young adult women) perutnya ketusuk bikin ga nyaman bgt. kaya they dont deserve it","1762163731914756553","","raspburre","in","one w/ grass","0","1","0","https://x.com/raspburre/status/1762163731914756553","1262328671911591937","raspburre"
"1762004990028304386","Mon Feb 26 06:41:40 +0000 2024","0","Ko bisa ada orang hamil sampe melahirkan lebih dari sekali ya nerbener 9 bulan dengan segala cobaannya pantesan aja pahalanya gede. Melawan segala anxiety encok dan berbagai ketidak nyamanan ","1762004990028304386","","","in","","0","1","0","https://x.com/sapororoy/status/1762004990028304386","130754437","sapororoy"
"1760224825778532533","Wed Feb 21 08:47:57 +0000 2024","1","4. Nyokap juga bertahun-tahun dilecehkan sama keluarga terdekat satu rumah itu dan gue cuma bisa diem krn berharap orang itu akan berubah. 5. I got anxiety disorder mixed depression 6. Waktu hamil kirana pernah mau gugurin krn gakuat sama hyperemesis &amp; putus obat mendadak","1760224831130444211","","dancinqgueen_","in","Indonesia","0","1","0","https://x.com/dancinqgueen_/status/1760224831130444211","83156393","dancinqgueen_"
"1759684547879620910","Mon Feb 19 21:01:04 +0000 2024","1","ternyata aku anxiety karena hamil https://t.co/LtSHwNSFHT","1759684547879620910","https://pbs.twimg.com/media/GGunw05b0AAmfJA.jpg","","in","Ravenclaw Tower, Hogwarts","0","2","0","https://x.com/watashitbitj/status/1759684547879620910","1005241687","watashitbitj"
"1758449777312948396","Sat Feb 17 18:36:46 +0000 2024","0","@unanaaay @dr_koko28 Nambahin bang program susu dan makan siang gratis itu ga hanya buat anak sekolah tapi juga balita dan bantuin yg gizi untuk ibu hamil","1758923458644509114","","unanaaay","in","","0","0","0","https://x.com/anxiety_dy/status/1758923458644509114","1431187846044340229","anxiety_dy"
"1751963013656281431","Mon Jan 29 13:38:27 +0000 2024","0","Anxiety diagnose Sakit lambung dengan seribu sensasi sedihnya baru sadar sekarang kalo juga ada anxiety aku pikir hanya hormon efek hamil saja bener2 hampir setahun sering gak bisa tidur nyenyak god heal me please","1751963013656281431","","","in","","0","1","0","https://x.com/sishokiyamani1/status/1751963013656281431","1653275313391169536","sishokiyamani1"
"1750369041007755452","Thu Jan 25 04:04:34 +0000 2024","1","Diserang anxiety ketika hamil Shila Amzah akui sukar tidur https://t.co/Cl4ihH1I3I","1750369041007755452","","","in","Kuala Lumpur","0","0","0","https://x.com/m_dateline/status/1750369041007755452","899674464060702720","m_dateline"
"1747284334438945265","Tue Jan 16 15:49:11 +0000 2024","0","liat video yg pas lg check ujian perkembangan anak gtu trs dikasih tau jg ttg depression and anxiety level nya emak bapak dan trnyata hasilnya si emak sempet stress krn ngurus anak yg masih kecil sendirian pas lg hamil krn suaminya jarang dirumah kek kasian bjirrr","1747284871549227462","","sehunenaktau","in","","0","1","0","https://x.com/sehunenaktau/status/1747284871549227462","1343598302298742785","sehunenaktau"
"1743624496022802765","Sat Jan 06 13:24:09 +0000 2024","4","Shila Amzah peluk diri sendiri tangani anxiety https://t.co/rZOklr7UXe #Hiburan #Rencam #Terkini #anxiety #hamil","1743624496022802765","","","in","Malaysia","0","1","1","https://x.com/kosmo_online/status/1743624496022802765","822514562","kosmo_online"
"1742952033953669227","Thu Jan 04 16:52:02 +0000 2024","0","galucu mual tengah mlm gini dikira hamil gue ntar ama tetangga","1742952033953669227","","","in","","0","0","0","https://x.com/luvusm1/status/1742952033953669227","1372507610272858119","luvusm1"
"1738436345608192302","Sun Dec 24 10:27:01 +0000 2023","0","@armansyahali3 @nanalalananaaa @jntaIIy Lazynya milih2 tempat Anak Twice yang kek gitu di ketawain bahkan di tuduh hamil giliran idolnya yang kena malah marah ga terima tau ga saya salah satu orang yg do'ain idol lu kena penyakit itu alasannya waktu fandom lu ketawa2 bikin vote mmber Tw selanjutnya yg kena anxiety","1738868878024048721","","armansyahali3","in","","0","1","0","https://x.com/yeowo_lim/status/1738868878024048721","1485479632631906307","yeowo_lim"
"1732299262430724491","Thu Dec 07 02:14:52 +0000 2023","0","@memelord_666666 Sederhana tapi ibu ibu hamil anxiety","1732584428684390822","","memelord_666666","in","","0","0","0","https://x.com/FreezeDvanrese/status/1732584428684390822","466640480","FreezeDvanrese"
"1731129631187911023","Sun Dec 03 14:36:02 +0000 2023","0","@ranto5771 @disyarinda Anak cewek lo diperkosa hamil dia jijik sm dirinya sendiri apalagi tau didalam badannya ada benih org menjijikan yg perkosa dia yg kalo dia inget kejadian/orgnya bikin kambuh trauma dan anxiety. Lo rela ngebiarin anak lo selama 9 bulan bunting dlm keadaan trauma? (Cont-)","1731321397673332971","","ranto5771","in","","0","0","0","https://x.com/Ubinotumbi/status/1731321397673332971","1640705843317583875","Ubinotumbi"
"1725179780335620179","Thu Nov 16 15:51:26 +0000 2023","8","Hamil ketiga lebih sulit i was so depressed.. terus anxiety bgt.. kenapa? Karna anak kedua gw baby blues parah hard time. Jd takut bgt pas tau hamil lagi tkut lagi lahiran inget sakit nya dan postpartum nya.. tp alhamdulilah ternyata paling mudah semua2 nya anak ketiga nih","1725179780335620179","","","in","Austria","0","3","0","https://x.com/timsesfiksi/status/1725179780335620179","1533799005880188928","timsesfiksi"
"1724969753981452502","Thu Nov 16 01:56:52 +0000 2023","0","Sakit. Sedih. Anxiety. Unprepared. Crying every single day and night. Tapi hal ini yg selalu kami doakan dan perjuangkan. So I will fight for it! Walaupun to be honest hamil dgn anxiety disorder itu jadi multiple strugglenya. La haula wala quwwata illa billahil aliyil adzim","1724969753981452502","","","in","Purwokerto Indonesia","0","0","1","https://x.com/nyeznisa/status/1724969753981452502","104109269","nyeznisa"
"1724650025752703469","Wed Nov 15 04:46:23 +0000 2023","0","Ya gw juga benci bgt kalo keluhan perahiman ditanggepin nunggu hamil nikah aja setelah hamil pasti sembuh mungkin secara medis berhubungan but pregnancy is no easy shit kaka","1724650025752703469","","","in","YK - JKT","0","0","0","https://x.com/semestakatarsis/status/1724650025752703469","795530862896947200","semestakatarsis"
"1716984761812697252","Wed Oct 25 01:07:21 +0000 2023","0","Dulu sempet pendarahan pas hamil 5 bulan pas dicek obgyn semua aman trs di cc ke Sp.KJ. Dan taraa anxiety parah gegara mertua wkw dan akhirnya diresepin ini tp dosisnya dikurangi","1716984761812697252","","","in","unknown","0","0","0","https://x.com/jaharajahat/status/1716984761812697252","1031731317019271173","jaharajahat"
"1716390274484875770","Tue Oct 24 14:56:09 +0000 2023","2","@derianisa_18 @pawtosynthesis Ngetik doang emang enteng Tapi praktek tidak sesimpel itu. Ada manusia yg memiliki masalah dengan depresi anxiety alexythimia dll. Dan ada juga yang namanya HORMON yang mempengaruhi emosi manusia. Dan pada wanita hamil hormon ini meningkat. Ini FAKTA bukan OMONG KOSONG","1716830946132111450","","derianisa_18","in","Indonesia","0","0","0","https://x.com/Frizth_/status/1716830946132111450","396123333","Frizth_"
"1716391503269151073","Mon Oct 23 12:33:23 +0000 2023","0","@lalovvi Berarti di what if ini ghalbian selingkuh dari jaman nadin hamil amar sampe didi mau nikah?!!!! GILA","1716432631385178446","","lalovvi","in","","0","1","0","https://x.com/masku_taehyung/status/1716432631385178446","1668808350249910272","masku_taehyung"
"1714119595437777218","Tue Oct 17 03:56:24 +0000 2023","0","@goonclovd muntah bareng yok my anxiety jg bikin mual terus dr kemaren kaya org hamil","1714128201868624081","","","in","","0","0","0","https://x.com/kittygalisback/status/1714128201868624081","1385389070675693568","kittygalisback"
"1711490963045265541","Thu Oct 12 05:52:33 +0000 2023","0","@renita_hartini @_fuckmygutsout @cantdorizz @louvrebabies Involutary pee ini luas ga semerta rusak seperti lu bilang. Anxiety dan depression jg subjektif ga mutlak di setiap ibu hamil. Rasa malu etc? Sangat subjektif. Ini lu sebut kerusakan? Terlalu amatir lu bawa artikel ini","1712345490946420954","","r3nhartono","in","","0","0","0","https://x.com/JackMoon_MikeAK/status/1712345490946420954","272846189","JackMoon_MikeAK"
"1701450458014069139","Tue Sep 12 04:19:35 +0000 2023","0","Mau muntah tiap pagi bukan karena hamil tapi karena anxiety","1701450458014069139","","","in","(33.7899872, -84.3725931)","0","0","0","https://x.com/lazyassiann/status/1701450458014069139","1254053720486076416","lazyassiann"
"1698328727250411882","Sun Sep 03 15:05:08 +0000 2023","1","@diethingy Pengen sembuh total dr anxiety disorder Pengen sembuh dr pcos dan bs hamil lg Pengen beli baju2 lucu lagi Pengen ngerasa cantik dan berharga lg Wkwk banyak bnr motivasinya","1698351426781827274","","diethingy","in","at the corner of ur mind","0","0","0","https://x.com/nazzaha/status/1698351426781827274","33906733","nazzaha"
"1698315949831823478","Sun Sep 03 14:30:57 +0000 2023","2","@soerabaca Mau nambahin mellow buku reinventing your life tadi aku baca saat aku abis keguguran yg kedua dn aku jdi anxiety kl keluar rumah karena ngrasa semua orang nyalahin aku. Sampai ada kata-kata kl aku nggak akan bisa hamil lagi. Tapi thanks to Suga BTS yg udah rekomendasi bukunya","1698342823974891819","","soerabaca","in","Kendari, Sulawesi Tenggara","0","1","0","https://x.com/bookscape_twt/status/1698342823974891819","1664471737290072066","bookscape_twt"
"1696767965151273427","Wed Aug 30 06:13:01 +0000 2023","0","gue sebelum nikah sering anxiety stress banyak pikiran. abis nikah jadi jarang sih stress pas awal awal nikah lg hamil doang. sekarang udah punya anak jauh lebih bahagia ","1696767965151273427","","","in","","0","0","0","https://x.com/itsaiaia/status/1696767965151273427","1035023294372577280","itsaiaia"
"1690971845238153216","Mon Aug 14 12:35:56 +0000 2023","0","@nabillanraaa Tapi kayanya maneh beneran hamil deh","1691066121196281856","","nabillanraaa","in","Bandung, Indonesia","0","1","0","https://x.com/thisisnotrafiq/status/1691066121196281856","76842732","thisisnotrafiq"
"1690682187593699328","Mon Aug 14 00:20:21 +0000 2023","0","@convomf ini gue 1¬Ω tahun yg lalu. semenjak ada ayang perasaan anxiety gue jd mendingan : ) cuma sama aja notif dia gue bedain. notif yg lain gue bukanya ntar2 aja kalo udah mood","1690881003844452353","","convomf","in","","0","0","0","https://x.com/peullediseu_17/status/1690881003844452353","1358636945262342145","peullediseu_17"
"1689631677298216960","Fri Aug 11 21:53:49 +0000 2023","0","@muthiastp selama hamil anak kedua stress berat krn sadar pasti kewalahan ngurus 2 batita &amp; rumah sendirian. tiba2 saya kena anxiety attack singkatnya whole body stop functioning bahkan minta tolong aja gabisa. krn sebelumnya pernah merasakan itu saya tau harus kontak psikolog ~","1690119353998663680","","br0kenmonstera","in","","0","1","0","https://x.com/br0kenmonstera/status/1690119353998663680","335097866","br0kenmonstera"
"1682684530648334336","Sat Jul 22 09:30:29 +0000 2023","1","Agar terhindar dari dampak buruk pada janin Bunda sebaiknya mencari cara positif untuk mengatasi emosi seperti berolahraga daripada menangis karena cemas dan stres. #stresshamil #anxiety #bumilstress #emosibumil #bukubumil #hamildibukubumil #sahabatbumil #aplikasikehamilan https://t.co/k4Pn6iE3C8","1682684530648334336","https://pbs.twimg.com/media/F1oYpIzWAAAXA5S.jpg","","in","Indonesia","0","0","0","https://x.com/bukubumil/status/1682684530648334336","1502022123220471830","bukubumil"
"1679717800137617409","Fri Jul 14 05:01:45 +0000 2023","1","Kalau gue jd emak lo pas gue hamil sama lo udah gue aborsi. Dasar manusia kontol anjing babi bgst. Domestic violence IS domestic violence. Mau mabok selingkuh mencuri BEATING YOUR PREGNANT WIFE WILL NEVER BE JUSTIFIED.","1679717800137617409","","","in","Bandung, Indonesia","0","0","0","https://x.com/thisisnotrafiq/status/1679717800137617409","76842732","thisisnotrafiq"
"1675550918245498880","Sun Jul 02 17:04:03 +0000 2023","0","Semoga suami mbaknya ngewe sama ibu mbaknya pas dia lagi hamil besar","1675550918245498880","","","in","Bandung, Indonesia","0","1","0","https://x.com/thisisnotrafiq/status/1675550918245498880","76842732","thisisnotrafiq"
"1674721489201889281","Sun Jul 02 11:40:00 +0000 2023","0","@nanawuffyu_ @LEADERAHYEON_ @enamiasaa_ @PopBaeo jeongyeon mina hiatus anxiety dikatain hamil lah anj didoain mati...yaallah.. toxic once juga goblok klo nyumpahin bp mati ","1675469365150621696","","nanawuffyu_","in","mntzksn","0","0","0","https://x.com/shaksmth/status/1675469365150621696","751388409751433216","shaksmth"
"1674411181145206787","Fri Jun 30 07:17:45 +0000 2023","1","@exercisve @Matchazoi @jenversce duh hamil hamil kalo hamil apa ga keguguran tuh disuruh dance? ngotak dikit lah.. lagian kalo lazy mah gabakal lanjut encore ga kyk jennie kalo manggung alesannya anxiety eh pas dugem ysdh lah","1674678594390622208","","agasdoughty","in","Gangnam-gu, Republic of Korea","0","1","0","https://x.com/shreddedpiee/status/1674678594390622208","1483238586447466496","shreddedpiee"
"1664500025731477504","Fri Jun 02 15:51:21 +0000 2023","0","@vibriospp Dulu bulol jg si tapi ga kelaperan yg ada dikasih makan mulu sampe hamil dikit","1664660984537989120","","vibriospp","in","Bandung, Indonesia","0","0","0","https://x.com/thisisnotrafiq/status/1664660984537989120","76842732","thisisnotrafiq"
"1568547272480407552","Sun May 28 00:08:47 +0000 2023","0","@taufikacitra_ @BanyuSadewa @pao_0697 @Ana_Ike Ka sorry bgt boleh g aku tau tntg anxiety dan kehamilan kaka? Aku anxiety juga dan lagi hamil saat ini. Klo kaka g kberatan aku mau tanya2 seputar itu boleh?","1662611841133215744","","taufikacitra_","in","","0","0","0","https://x.com/jeniusssuga/status/1662611841133215744","1021313057589321728","jeniusssuga"
"1494900804737585152","Sat May 27 22:40:49 +0000 2023","0","@wolfiejaeyun Hai ka maaf ikut nimbrung. Ini postingan udh lama ya? Pasti skrg dede bayi ny udh lahir aku lg iseng2 cari keyword insomnia hamil dan nemu tweet kamu. Aku juga lagi hamil dokter bilang kandungan ku lemah. Masalahnya sblm hamil aku punya anxiety dan insomnia parah- cont","1662589704192282624","","wolfiejaeyun","in","","0","2","0","https://x.com/jeniusssuga/status/1662589704192282624","1021313057589321728","jeniusssuga"
"1657078122242777088","Fri May 12 17:44:55 +0000 2023","1","Waktu NKOTB BSB gw lg hamil 7 bulan sempet galau pengen nonton tapi kalo tau2 anxiety dan sakit kan ribet. Akhirnya ga jadi nonton. Tapi trus temen2 gw maniis banget pas lagu favorit gw mereka nelpon biar gw bisa ikutan denger juga Ô∏è","1657079418408562688","","miund","in","at the back of your mind","0","1","0","https://x.com/miund/status/1657079418408562688","14567197","miund"
"1653049938283225092","Tue May 02 15:52:56 +0000 2023","0","@18fesss Jgn di judge karna pas posisi gt dia lg panik bgt apa lg kl ada anxiety beuh agak sensitif biasanya org hamil jd sebisa mungkin keep her mood stable sisanya kaya misal diminta bantu anter kontrol dll aja sih","1653427359507435520","","18fesss","in","","0","0","0","https://x.com/swearlink/status/1653427359507435520","1461228838222925824","swearlink"
"1645131912854507521","Sun Apr 09 21:30:16 +0000 2023","0","@dhanilham Udah nyoba merem 3 jam sambil ngitung domba komat-kamit denger Relaxing Music To Reduce Stress &amp; Anxiety to Help You Sleep kaki keluar masuk bed cover badan gulang-guling miring kiri kanan kek ibu hamil gede tetep gabisa. Jadinya ngetweet sapatau yg liat doain biar tidur","1645177332636999680","","dhanilham","in","","0","1","0","https://x.com/balqiskn_/status/1645177332636999680","95392110","balqiskn_"
"1640386265504956416","Mon Mar 27 16:44:17 +0000 2023","18","@eicila @reeechta @Askrlfess Lebih baik batal nikah drpd nanti after nikah km diacak2 in tbtb diselingkuhin pas lg hamil/lainnya. Berujung cerai jgn sepelein efek diselingkuhin plis! Yg ad km anxiety dll","1640394318136610816","","eicila","in","Malang, Jawa Timur","0","0","0","https://x.com/mncheriee/status/1640394318136610816","1271840636010782721","mncheriee"
"1638500920748298242","Fri Mar 24 00:46:17 +0000 2023","2","@IlmianaWs @dokterDara Tenangin diri aja dulu mba saya juga dulu sama seperti mba 2 kali keguguran dan akhirnya kena anxiety. setelah kuretase terakhir saya banyak konsul ke psikolog dan hipnoterapi alhamdulillah setelah setahun saya hamil dan sekarang anaknya sudah usia 2 tahun.","1639066069368459265","","IlmianaWs","in","","0","0","0","https://x.com/wulwulwul_/status/1639066069368459265","187034731","wulwulwul_"
"1635789152867299328","Tue Mar 14 23:45:00 +0000 2023","0","Kecemasan merupakan sesuatu hal yang bisa dialami oleh siapa saja termasuk pada ibu hamil. Namun kecemasan pada ibu hamil jika tidak ditangani secara serius dikhawatirkan dapat berdampak pada janin yang ada di dalam kandungannya. #Bumil #Anxiety https://t.co/J5EfwnVsye","1635789152867299328","","","in","Jakarta Capital Region, Indone","0","0","0","https://x.com/medcom_id/status/1635789152867299328","902837643024539651","medcom_id"
"1635607959160881152","Tue Mar 14 11:45:00 +0000 2023","0","Kecemasan merupakan sesuatu hal yang bisa dialami oleh siapa saja termasuk pada ibu hamil. Namun kecemasan pada ibu hamil jika tidak ditangani secara serius dikhawatirkan dapat berdampak pada janin yang ada di dalam kandungannya. #Bumil #Anxiety https://t.co/J5EfwnVsye","1635607959160881152","","","in","Jakarta Capital Region, Indone","0","0","0","https://x.com/medcom_id/status/1635607959160881152","902837643024539651","medcom_id"
"1633696458158518272","Thu Mar 09 12:09:56 +0000 2023","0","@windymaretta Mandi bareng dengan wanita dada rata mengaku pria lebih kejam dari pura2 hamil terus cuti ke jogja ","1633802293954101248","","windymaretta","in","Bandung, Indonesia","0","1","0","https://x.com/thisisnotrafiq/status/1633802293954101248","76842732","thisisnotrafiq"
"1632606939006877697","Mon Mar 06 05:00:01 +0000 2023","0","Kecemasan merupakan sesuatu hal yang bisa dialami oleh siapa saja termasuk pada ibu hamil. Namun kecemasan pada ibu hamil jika tidak ditangani secara serius dikhawatirkan dapat berdampak pada janin yang ada di dalam kandungannya. #Bumil #Anxiety https://t.co/J5EfwnVsye","1632606939006877697","","","in","Jakarta Capital Region, Indone","0","0","0","https://x.com/medcom_id/status/1632606939006877697","902837643024539651","medcom_id"
"1632425745875341312","Sun Mar 05 17:00:01 +0000 2023","0","Kecemasan merupakan sesuatu hal yang bisa dialami oleh siapa saja termasuk pada ibu hamil. Namun kecemasan pada ibu hamil jika tidak ditangani secara serius dikhawatirkan dapat berdampak pada janin yang ada di dalam kandungannya. #Bumil #Anxiety https://t.co/J5EfwnW0nM","1632425745875341312","","","in","Jakarta Capital Region, Indone","0","0","0","https://x.com/medcom_id/status/1632425745875341312","902837643024539651","medcom_id"
"1631863892141019136","Sat Mar 04 04:47:37 +0000 2023","0","@windymaretta Valid. Aku udah hamil 7x","1631879043200208897","","windymaretta","in","Bandung, Indonesia","0","0","0","https://x.com/thisisnotrafiq/status/1631879043200208897","76842732","thisisnotrafiq"
"1631262762314903554","Fri Mar 03 16:07:41 +0000 2023","0","@FOODFESS2 Hi nder! Udah coba cek hb? Aku pas hamil pertama juga mirip2 gini lemes bgt harus sering bed rest terus sering pusing dan sesek ampe keringet dingin. Dan ternyata itu semua kayanya krn hbku yg agak rendah ditambah aku ada anxiety juga. Sehat lancar sampai lahiran yaaa","1631687799454961667","","FOODFESS2","in","‚ô™","0","0","0","https://x.com/lynnveea/status/1631687799454961667","80227523","lynnveea"
"1628939822772412416","Fri Feb 24 02:08:12 +0000 2023","0"," Dia selalu fitnah &amp; aibkan saya. Sedih &amp; anxiety itu adalah 2 benda berbeza #bipolar #bosskay #cikpia #hamil #skandal https://t.co/uY2jxiY1pM","1628939822772412416","","","in","Malacca, Malaysia","0","0","0","https://x.com/erinsakura_com/status/1628939822772412416","939833722764910594","erinsakura_com"
"1628939146533404673","Fri Feb 24 02:05:31 +0000 2023","0","Mak gue pas hamil keknya stress deh soalnya skrg w anaknya overthinking sama anxiety","1628939146533404673","","","in","","0","0","0","https://x.com/chocobearryea/status/1628939146533404673","1414354586496770050","chocobearryea"
"1626751312397234178","Sat Feb 18 01:11:51 +0000 2023","0","INILAH 8 Arti Mimpi Hamil Secara Spiritual Hidup Lebih Baik hingga Anxiety https://t.co/tnGCPOFAMo","1626751312397234178","","","in","Jl Siliwangi Km. 8, Sleman. ","0","0","0","https://x.com/tribunjogja/status/1626751312397234178","223476605","tribunjogja"
"1626062174312620032","Thu Feb 16 03:33:27 +0000 2023","0","Kalian di lepas dengan kluarga lengkap aku hanya ibu kalian hamil ada ayah dan ibu aku tidak","1626062174312620032","","","in","","0","0","0","https://x.com/anakcintek/status/1626062174312620032","1435354366865641472","anakcintek"
"1625333746277953536","Tue Feb 14 04:17:24 +0000 2023","2","@txt_introvert Ada yg bangga. Dan itu gpp. Mungkin dia lbh nyaman. Aku social anxiety. Udah khatam dicap sombong dll. Pas lahiran anak pertama aja dimarahin katanya hamil ga blg2 ","1625348458076082176","","txt_introvert","in","Depok, Jawa Barat","0","0","0","https://x.com/shireishou/status/1625348458076082176","6335682","shireishou"
"1624702430511521794","Mon Feb 13 03:56:10 +0000 2023","0","@18fesss Aku anxiety parah mikir ini pas hamil akhirnya ngobrol ama suami dan obgynku dan sepakat utk SC terjadwal. Bodo amat ye mulut kanan kiri ngatain apa. Yg lahiran aku kalau smpe sakit atau trauma aku yg ngerasain. Post partum kudu waras euy gamau masih mikir trauma lahiran","1624980725165604865","","18fesss","in","Yogyakarta, Indonesia","0","0","0","https://x.com/sweetbabyka/status/1624980725165604865","227707187","sweetbabyka"
"1624354999034855424","Sat Feb 11 10:40:46 +0000 2023","0","Gue bisa hamil tp sayang gue ga mau punya anak. Udh dpt gen kanker payudara dr alm mama kena depresi dan anxiety disorder punya gen diabetes dr alm nenek dr pihak mama. Gue jg ga rugi si kalo rahim ga dipake. Sexual desire gue rendah jg. Tp untung si hidup ga ngerepotin org ","1624357772421890050","","match_alattetea","in","","0","0","0","https://x.com/match_alattetea/status/1624357772421890050","1425822131544236045","match_alattetea"
"1617443274549256194","Mon Jan 23 11:21:36 +0000 2023","0","@tanyakanrl Aku yg lagi naik asam lambungku akibat anxiety deg deg an ga karuan di kata hamil sama bapk tiri whahahhahahhaha ku ketawa kenceng.","1617482678999343108","","tanyakanrl","in","","0","0","0","https://x.com/moapayaa/status/1617482678999343108","427899857","moapayaa"
"1616081135850909696","Thu Jan 19 14:32:22 +0000 2023","0","isinya berita klo ga perkosaan hamil tp belom nikah kasus belom kelar keadilan hny utk yg berduit buset lama2 anxiety beneran kita","1616081135850909696","","","in","nowhere","0","0","0","https://x.com/Bellerosari/status/1616081135850909696","175751487","Bellerosari"
"1609053131622735874","Sat Dec 31 05:05:35 +0000 2022","1","oh ya btw aku ngga rasa yjn hamil tapi keknya ini berkaitan mental health yjn?? kyk anxiety gitu loh kan kalo orang lagi kambuh gitu ada yang mual mual... apa trauma? aduh jjunie ","1609053131622735874","","","in","she/her | 03' liner","0","0","1","https://x.com/moaneul/status/1609053131622735874","1592103495691534336","moaneul"
"1606288817324843013","Fri Dec 23 14:01:12 +0000 2022","5","Dokter2 yg oke dan enak di liat di IC. Ada doktr Raisa doktr Michi dokter yg nanganin Al ps kcelakaan yg agak botak sma yg gemuk trus dokter yg pertma Andin ktahuan hamil. Ada juga dokter yg dampingin Andin ps Andin kna anxiety. Yg lainnya zonx. Aplgi yg itu #IkatanCintaEp995","1606288817324843013","","","in","","0","0","0","https://x.com/askarabinalfahr/status/1606288817324843013","1512701936738267137","askarabinalfahr"
"1605955347344068608","Thu Dec 22 15:56:06 +0000 2022","0","Digosipin hamil karena ngegendutan. Ini gosip terparah sih. Semoga ibu-ibu yang mulutnya kayak lubang pantat itu sehat selalu.","1605955347344068608","","","in","","0","0","0","https://x.com/txtfromanxiety/status/1605955347344068608","1600885915995369472","txtfromanxiety"
"1604117794077175808","Sat Dec 17 14:14:19 +0000 2022","0","Anxiety bgt sama kegiatan gue yg hectic dan hamil muda. Yg sehat yaa Bybu","1604117794077175808","","","in","Jkt, ID","0","0","0","https://x.com/unfazedh0e/status/1604117794077175808","1411123980715532291","unfazedh0e"
"1602146036176523265","Wed Dec 14 11:23:17 +0000 2022","0","@ceo_rebahann @audee84 @dindayohanes @rachelvennya23 keluarga dari suami ada yang bipolar kasian ke anak nya speech delay pdhl sudah kelas 2 SD dia ngasuh anaknya sambil teriak-teriak ngeri bgt. Btw saya anxiety disorder pas hamil juga masih konsumsi obat tapi kadarnya kecil dan cuman 1 obat.","1602987585122750465","","ceo_rebahann","in","","0","1","0","https://x.com/istriprogrammer/status/1602987585122750465","1347911777179193344","istriprogrammer"
"1600453293884727296","Wed Dec 07 11:32:54 +0000 2022","11","Dok aku lg isip. Pas poli ternyata aku kasih obat kategori D topikal ke pasien yg lagi hamil t2 (aku tau setelah ngasih aku baru cek). Aku ngerasa bersalah bgt. Gimana ya cara coping-nya? Jujur jd lemes dan anxiety bgt gak bisa fokus. Rasanya gak pantes bgt kemarin (cont..)","1600453293884727296","","","in","Belakang Parkiran RS","3","6","0","https://x.com/BaseAnakFK/status/1600453293884727296","1426471735734411266","BaseAnakFK"
"1597624759453618176","Tue Nov 29 16:13:19 +0000 2022","0","Ikut PROSTITUTION tapi malah jadi PREGNANT. Gara-gara itu aku jadi kalut dan ANXIETY ditambah karena kebutuhan selama hamil dan biaya lainnya aku harus jual semua barang pribadi aku. Dan akhirnya aku jadi POOR. Karena tekanan yang begitu besar dari lingkungan sekitar https://t.co/hhlWRlIpry","1597624759453618176","https://pbs.twimg.com/media/FivnQHwaAAI1Ipn.jpg","","in","West Java, Indonesia","0","1","0","https://x.com/pemanissalami/status/1597624759453618176","1177739627748159490","pemanissalami"
"1594354903526567937","Sun Nov 20 15:48:54 +0000 2022","7","@8en31 @memefess celana cargo kaos oversize neki jordan part time kofisop prenskrop pagi dua legenda malem ekb late night topic anxiety mental slug hamil luar nikah","1594357124640821248","","","in","","0","0","0","https://x.com/rthrslyp/status/1594357124640821248","1270370348337213443","rthrslyp"
"1588499613186940928","Fri Nov 04 11:56:25 +0000 2022","0","Mksdnya gw emng khawatirin bgt tetang itu mungkin sampe kebawa mimpi dan katanya mungkin bakal ada kelahiran manusia si tteh emng lg hamil dan inshaAllah bulan desember lahiran. Gw ampe mikir apa iya gw anxiety???? Tp kl ngulik gw ga gtuuu tp ada tp kek yg 2% ajh gtloh","1588500411845349378","","RDickaRA","in","Cirebon,Indonesia","0","0","0","https://x.com/RDickaRA/status/1588500411845349378","544767894","RDickaRA"
"1587484871819071488","Tue Nov 01 16:41:02 +0000 2022","0","Dari zina trus hamil siapa yg dirugiin kalo bukan lu kaum hawa !! Dah zina trus hamil cowo lu nyuruh nge abortion .. dah lu ngelakuin dosa zina trus lu ngebunuh .. curhat lu kena anxiety depresi.. cowo lu ninggalin .. malu ma ortu endingnya lu milih bundir .. Sick !!!","1587484871819071488","","","in","2521","0","0","0","https://x.com/p_vanillasky/status/1587484871819071488","1487326537766477824","p_vanillasky"
"1584812014719094785","Tue Oct 25 07:46:57 +0000 2022","0","@Askrlfess jadi rasa takut cema anxiety mood swing tidak percaya diri cara komunikasi pada orang lain dan semuanya tanpa sadar sudah dibentuk sejak dalam kandungan. jadi sebenernya penting banget bikin happy ibu hamil biar anaknya juga happy aku relate krn ibukku pas hamil aku cemas","1584813752784130048","","dntkntngg_","in","","0","1","0","https://x.com/dntkntngg_/status/1584813752784130048","1094641915905994752","dntkntngg_"
"1579618040324718592","Mon Oct 10 23:41:03 +0000 2022","0","sakit bgt anxiety kambuh lg hamil gini huftt","1579618040324718592","","","in","Bandung, Jawa Barat","0","0","0","https://x.com/azaleaaa___/status/1579618040324718592","1221711457282211840","azaleaaa___"
"1577592881010745345","Thu Oct 06 11:31:31 +0000 2022","7","@audhinafh ya Allah mbak saya aja ke Psikiater ditanyain Udah nikah atau belum hamil atau ga aja ga baperan ( padahal anxiety lagi gila2nya). ini ke Obgyn aja baperan. Enakan mending berobat ke dukun aja biar ga ditanya tanya.","1577984897171410944","","audhinafh","in","Jakarta Capital Region","0","0","1","https://x.com/dolunaylady/status/1577984897171410944","3232348800","dolunaylady"
"1577833991738195971","Thu Oct 06 01:31:53 +0000 2022","0","Mengatasi Anxiety Disorder Pada Ibu¬†Hamil https://t.co/LHQzp6mSgv","1577833991738195971","","","in","","0","0","0","https://x.com/shinta_ayunda/status/1577833991738195971","136884511","shinta_ayunda"
"1577254123187027972","Tue Oct 04 11:55:33 +0000 2022","0","@anggitristan Nah waktu hamil mamanya memang lagi on medication sehari minum 26 pills utk treat anxiety nya. Mgkin karena itu juga kali ya dia smpe jd psikopat ","1577266169710776320","","anggitristan","in","somewhere somehow anywhere","0","1","0","https://x.com/vinasiahaya/status/1577266169710776320","83860014","vinasiahaya"
"1573924816775938049","Sun Sep 25 09:51:39 +0000 2022","0","@KingZofDemon Yang cepet mati pas Jeongyeon kena anxiety hamil juga karena jy Hiatus yg 9 awrds juga dari masalah apan 2020 di postan pancafe","1573973497826914304","","KingZofDemon","in","","0","1","0","https://x.com/jjeuwi_bf/status/1573973497826914304","1432324490466250754","jjeuwi_bf"
"1572608202705104897","Fri Sep 23 02:11:06 +0000 2022","2","@nanajjwah @kirschoi @crymauriellexx Ada kak saya penderita gerd &amp; anxiety parah alhamdulillah sudah di lalui pas hamil pun masih konsumsi obat psikiater sekarang alhamdulillah lepas cuman bukan sembuh hanya bisa mengontrol","1573132822486913026","","","in","","0","0","0","https://x.com/istriprogrammer/status/1573132822486913026","1347911777179193344","istriprogrammer"
"1568547272480407552","Wed Sep 14 04:10:03 +0000 2022","3","@BanyuSadewa @pao_0697 @Ana_Ike serius deh gw pengidap BPD + anxiety disorder. pas lagi hamil pernah kambuh dan selfharm karna masalah yg lbh sepele dari diana. Tau rasanya depresi mau mati? padahal gw sendiri rajin konsul &amp; terapi ke psikolog. Apalagi diana yg posisinya seberat itu....","1569901264082993152","","BanyuSadewa","in","ditumpukan jerami","0","1","0","https://x.com/taufikacitra_/status/1569901264082993152","211457433","taufikacitra_"
"1568547272480407552","Sat Sep 10 13:05:10 +0000 2022","1","@pao_0697 @BanyuSadewa Iya... Aku pernah beneran ngerasain apa itu depresi pas hamil. Hormon naik turun mood swing insecure trauma anxiety kumat dll. Gak cuma sekali kepikiran nyakitin diri sendiri sampe akhirnya berkali2 bicara &amp; curhat sama ahlinya buat dapet pertolongan Ô∏è","1568586380393185285","","pao_0697","in","Solo (coret)","0","1","0","https://x.com/Ana_Ike/status/1568586380393185285","55440757","Ana_Ike"
"1563470404668510209","Sat Aug 27 10:16:07 +0000 2022","0","Yang tahu-tahu melahirkan padahal masuk kelas terus ga kelihatan hamil juga ada wkwkwkwk","1563470404668510209","","","in","YK - JKT","0","1","0","https://x.com/semestakatarsis/status/1563470404668510209","795530862896947200","semestakatarsis"
"1561033377691578368","Sat Aug 20 16:52:14 +0000 2022","1","pregt joon yg feromonnya jadi lebih lembut makanya jk suka bgt ndusel peluk2 ciumin perut (padahal masih rata) namanya juga hamil pertama kadang nj anxiety insecure 'aku ntar pas gendutan jelek deh' jk makes sure omeganya sehat secara fisik + psikis https://t.co/XDBFT6bVMM","1561033377691578368","","","in","n/sfw - RPS üîû","0","0","0","https://x.com/delightful_tata/status/1561033377691578368","958642575153377281","delightful_tata"
"1559874060540334080","Wed Aug 17 12:05:31 +0000 2022","0","hamil tua + anxiety kambuh nikmat ya","1559874060540334080","","","in","","0","0","0","https://x.com/el_shanm/status/1559874060540334080","1542315175168348160","el_shanm"
"1551395431795793922","Mon Jul 25 02:34:29 +0000 2022","0","jelek dah gw skrg klo anxiety bawaanya mau muntah terus kyk org hamil anjrit","1551395431795793922","","","in","rps/21","0","1","0","https://x.com/BasicPewds/status/1551395431795793922","470585189","BasicPewds"
"1541682529769402368","Tue Jun 28 09:36:08 +0000 2022","0","@AmmarGill Gue menyadari fase gue lebih sering mengalami kejadian kayak gini adl pas hamil/menyusui krn maternity brain atau saat tingkat anxiety gue tinggi. Maybe you should check (misalnya beli tespek) ","1541717072656609280","","AmmarGill","in","Indonesia","0","1","0","https://x.com/wickedbunnies/status/1541717072656609280","139762728","wickedbunnies"
"1539139897239429120","Tue Jun 21 07:03:37 +0000 2022","0","@aninuneno_ Heee jangan keseringan.. Jaga kesehatan kalau bukan kita yang jaga siapa lagi? /halah But on a serious note dulu aku meskipun 4shots espresso malem sik bisa turu ya. Setelah hamil dan melahirkan lama banget ga ngopi saiki kena gudei friz ae iso melek semaleman sampe anxiety ._.","1539141974896570368","","aninuneno_","in","","0","1","0","https://x.com/petiteveela/status/1539141974896570368","82793397","petiteveela"
"1537903100996231168","Mon Jun 20 10:05:01 +0000 2022","1","@NisaPrasetyanto setuju as for me yg lagi hamil anak pertama knowing-what-idk tuh mengurangi anxiety daripada ngikut-instinct-aja-nanti. secara gak langsung dah bikin task scenarios ","1538825239970254850","","NisaPrasetyanto","in","","0","0","0","https://x.com/gebygf/status/1538825239970254850","46588102","gebygf"
"1534722929560530947","Thu Jun 09 15:02:23 +0000 2022","1","@merlinakarinaa @jalurbekasi @perkeretaapian @CommuterLine atau mbanya aja kali ya ga tau mereka semua sebenernya prioritas? bisa jadi punya disabilitas mental misal depresi anxiety dll. bisa jadi disabilitas sensorik kayak mata minus. atau bisa jadi lagi hamil mba ga tau.","1534913808699109376","","mkhffs","in","","0","1","0","https://x.com/huftbosan/status/1534913808699109376","1362417861117976580","huftbosan"
"1532331869429465094","Thu Jun 02 12:02:42 +0000 2022","0","Pas hamil emng berat gegara ngidam parah di semester 1 anxiety sepanjang semester 2 dan 3. Mslh pribadi ekonomi dll. Lahiran jg berat abisnya ngurus anak jga masih kagok. Sempet kena herpes zoster anak juga cluster feeding dan kolik. Pokoknya rewelll...","1532331874487762945","","menakpuji","in","Lampung, INA","0","1","0","https://x.com/menakpuji/status/1532331874487762945","386847281","menakpuji"
"1527184525402333184","Thu May 19 07:09:48 +0000 2022","0","bukan hamil hanya anxiety","1527184732152205312","","depyrossion","in","she/they","0","0","0","https://x.com/depyrossion/status/1527184732152205312","1416005075072290821","depyrossion"
"1526721854991667200","Wed May 18 00:42:17 +0000 2022","1","Male lead-nya kayak Jangan coba-coba nunda/ga mau punya anak dengan alasan apa pun karena AKU pengen punya anak terus pas si ceweknya ngeyel bukannya respect atau coba komunikasi si laki malah memanipulasi si cewek biar cepet hamil. Di manakah bagian romantisnya","1526724821010481152","","semestakatarsis","in","YK - JKT","1","1","2","https://x.com/semestakatarsis/status/1526724821010481152","795530862896947200","semestakatarsis"
"1526721854991667200","Wed May 18 00:36:20 +0000 2022","0","Yhaaa mungkin ya yg namanya romance people (include the writers) like a happy and heart fluttering stories??? Jadi meskipun hamil itu bukan hal kecil dan butuh kesiapan segala macam yg penting gemesnya dulu aja???","1526723326689038336","","semestakatarsis","in","YK - JKT","0","1","1","https://x.com/semestakatarsis/status/1526723326689038336","795530862896947200","semestakatarsis"
"1522857162036285440","Sat May 07 08:50:07 +0000 2022","0","@oxshinjaee @hfyacc kalo udah positive hamil langsung gas naik mobil yang ada stella jeruk pas lagi berantem sama suami. beuh anxiety nya dapet mual nya dapet trauma nya dapet. ","1522861323297697792","","lookattheplayer","in","‚úø","0","1","0","https://x.com/yayaaltaf/status/1522861323297697792","1187638076983644160","yayaaltaf"
"1522857162036285440","Sat May 07 08:44:21 +0000 2022","0","@oxshinjaee @hfyacc bayangin klo misalnya sekrang lagi hamil. udah hamil anxiety cium stella jeruk. beuh mantep kan? cobain yuk?","1522859871477145600","","lookattheplayer","in","‚úø","0","1","0","https://x.com/yayaaltaf/status/1522859871477145600","1187638076983644160","yayaaltaf"
"1512599618789396484","Sat Apr 09 01:13:46 +0000 2022","0","Cek Peek Me Naturals Hello Sunshine (Worry Free) | hilang khawatir anxiety cemas panik dihirup alami aman untuk ibu hamil dengan harga Rp60.000. Dapatkan di Shopee sekarang! https://t.co/kXezGwv8aZ https://t.co/mpJ5DW7m5B","1512599618789396484","https://pbs.twimg.com/media/FP3VVknVcAI1ooe.jpg","","in","Indonesia","0","0","0","https://x.com/_ordinary93/status/1512599618789396484","1192006706","_ordinary93"
"1512030670943821830","Thu Apr 07 11:38:22 +0000 2022","0","Kayak saat ini aku lagi ??? bgt sama cerita yg ceweknya ga mau/ga siap hamil tp tetep dibikin hamil karena lakinya pgn punya anak pgn bangun rumah tangga pgn ewe-ewe sedap pgn ini dan itu yg kudu diturutin semua sm si istri. Kalo ga diturutin? Ya ga bisa. Harus nurut pokoknya","1512032029738561542","","semestakatarsis","in","YK - JKT","0","1","0","https://x.com/semestakatarsis/status/1512032029738561542","795530862896947200","semestakatarsis"
"1509505913992146952","Thu Mar 31 13:13:42 +0000 2022","0","@rustyredbrown Macem-macem lagi jalan ceritanya. Ada yg udah suami-istri dan janjian nunda anak pun suaminya tetep sengaja diam-diam ngebobolin. Dan si istri ya dibuat iya-iya aja gitu seakan-akan ada yg romantis dari laki maksa ceweknya hamil/punya anak ‡≤†‚Äø‡≤† Sungguh menghermankan","1509519306195075087","","rustyredbrown","in","YK - JKT","0","0","0","https://x.com/semestakatarsis/status/1509519306195075087","795530862896947200","semestakatarsis"
"1506329960226582534","Tue Mar 22 18:00:23 +0000 2022","0","my anxiety is in worst condition when its rain stormy night masa w senam hamil gara2 mau distraksi diri dari gledek terus menerus . *gagal juga sih ttp aja gemeteran gajelas","1506329960226582534","","","in","Mars","0","0","0","https://x.com/zafirasaujah/status/1506329960226582534","505294480","zafirasaujah"
"1497785883721797633","Sun Feb 27 04:14:26 +0000 2022","0","ada momen dimana si omega aka woo yoong tuh kena anxiety pas hamil dia stress berat ngerasa kalo dia jadi jelek dan takut kalo kyung joo bakalan gak sayang lagi sama dia karena perubahan bentuk fisiknya terus ninggalin dia.","1497787181649182720","","affogatyong","in","","0","0","0","https://x.com/affogatyong/status/1497787181649182720","1496420488402198532","affogatyong"
"1495942609704992772","Tue Feb 22 12:49:27 +0000 2022","20","Soalan 1 Tidak diketahui kenapa tapi ada kajian dibuat menunjukkan PCOS meninggikan risiko diagnosis kemurungan anxiety. Ada PCOS dan disebabkan itu sukar hamil haid terganggu dan sebagainya make things &gt; complicated. https://t.co/FBvsapWctS","1496104849338863616","https://pbs.twimg.com/media/FMM7bl6VQAM6ryx.jpg","MedTweetMYHQ","in","Malaysia","0","1","2","https://x.com/MedTweetMYHQ/status/1496104849338863616","4814038556","MedTweetMYHQ"
"1494171822115287041","Fri Feb 18 02:13:59 +0000 2022","0","@_kana707 Ya makanya dia ga jadi cerai gara2 hamil Ga tau ya kalo dah lahiran masih mau cerai apa ngganya mah","1494495380985171970","","_kana707","in","Cirebon, West Java","0","0","0","https://x.com/UrFriendly_Duck/status/1494495380985171970","337692068","UrFriendly_Duck"
"1494358977055911939","Thu Feb 17 17:11:58 +0000 2022","0","// not genshin related kaget g lu di rap in malaikat dibilang tunangan lu hamil tp virgin this song gives me anxiety https://t.co/zp9V8xkRl2","1494358977055911939","","","in","Little Hangleton","0","0","0","https://x.com/chellebeaw/status/1494358977055911939","372276046","chellebeaw"
"1494171822115287041","Thu Feb 17 08:52:51 +0000 2022","0","@17ZET Hamil gara2 suami sendiri da wkwkwk","1494233370510782465","","17ZET","in","Cirebon, West Java","0","0","0","https://x.com/UrFriendly_Duck/status/1494233370510782465","337692068","UrFriendly_Duck"
"1494171822115287041","Thu Feb 17 04:48:17 +0000 2022","0","Akhirnya sekarang tercerahkan kenapa sepupu gw bisa hamil padahal dia mau cerai sama suaminya Ga jadi cerai gara2 hamil Ga tau kalo dah lahiran mah...","1494171822115287041","","","in","Cirebon, West Java","0","2","0","https://x.com/UrFriendly_Duck/status/1494171822115287041","337692068","UrFriendly_Duck"
"1493621839532539904","Wed Feb 16 12:56:08 +0000 2022","1","@keinata_ncess @AREAJULID ya ampun aku ga ada gejala sama sekali kak kaki ga bengkak protein urin negatif cek lab pokoknya aman semua.. cuma tensiku sampe 170/110 karena ada anxiety juga sih aku kak selama hamil stress bgt kecapean jg.. setiap hari kek takut terus cemas suka nangis sendiri","1493932203994382336","","keinata_putri","in","N-City","0","0","0","https://x.com/mochijwoos/status/1493932203994382336","821588679437205504","mochijwoos"
"1493797689565548544","Wed Feb 16 04:01:37 +0000 2022","0","Orng lain yg nikah dan hamil gue yg anxiety ","1493797689565548544","","","in","","0","1","0","https://x.com/cathembok/status/1493797689565548544","391920667","cathembok"
"1486004523529555971","Tue Jan 25 15:54:21 +0000 2022","0","The anxiety is getting higher. Takut. Pertanyaan yang selalu dihindari justru datang menghantui lagi. Kapan punya anak? Kok belum hamil? ","1486004523529555971","","","in","#Cuy","0","0","0","https://x.com/sireevanja/status/1486004523529555971","1318789409894924288","sireevanja"
"1481813294621282304","Fri Jan 14 02:19:54 +0000 2022","0","Kenapa si pada takjub melihat badanku yg cepet langsing abis hamil yg naik 16kg. Pdhl ibu2 just need overthinking everyday anxiety full time mom tnpa pembantu and Woilaa anda kurus Haha canda bu","1481813294621282304","","","in","","0","0","0","https://x.com/istiyanaDian/status/1481813294621282304","1113249690","istiyanaDian"
"1477589325416058880","Sun Jan 02 10:35:22 +0000 2022","0","2 harian pengen muntah mulu (gak maz aku ga hamil) ga ada pengen makan sama sekali kek anxiety aja gitu e liat anak enha makan aku tetiba lapar hahahahaha obat apakah ini","1477589325416058880","","","in","","0","0","0","https://x.com/alldaybin/status/1477589325416058880","1587873312","alldaybin"
"1472960924549992449","Mon Dec 20 16:11:54 +0000 2021","0","@mchlatte ngga anjir anxiety gue tadi tuh kambuh gue kalau lg nerpes emng bakal mual mual nah gue cerita kan di ig story pada ngira gue hamil","1472962977561075713","","mchlatte","in","niakunsukasuka ‚Äî‚ú¶.","0","1","0","https://x.com/strobeori/status/1472962977561075713","1257268925080858624","strobeori"
"1469479382850826240","Sat Dec 11 01:40:06 +0000 2021","0","- Lori otomatis jadi nempel terus sama Ricklah lha wong istrinya. Ada anak mereka lagi. - Tak lama kemudian ndilalah Lori hamil - Shane ngotot itu anaknya. Tapi mana mungkin Lori mengakui itu di depan Rick dan anak mereka. Lori yakinnya itu anaknya sama Rick.","1469482089510629378","","semestakatarsis","in","YK - JKT","0","1","0","https://x.com/semestakatarsis/status/1469482089510629378","795530862896947200","semestakatarsis"
"1468184599989653504","Tue Dec 07 11:44:20 +0000 2021","2","Pulang kerja bareng temen yang lagi hamil. Nerjang ujan angin dan lampu blitz dari langit is another level of ......... (Lu isi sendiri deh wak!)","1468184599989653504","","","in","Kota Surabaya, Jawa Timur","0","2","0","https://x.com/Gadisdaritimur/status/1468184599989653504","1451477632898322433","Gadisdaritimur"
"1462814024614113288","Tue Nov 23 03:15:51 +0000 2021","0","@hondohindi palagi kalau punya gerd + anxiety + lagi hamil . Ya Allah rasanya ","1462983203791126532","","potsumma","in","N-City","0","0","0","https://x.com/mochijwoos/status/1462983203791126532","821588679437205504","mochijwoos"
"1398111315055443972","Fri May 28 02:58:08 +0000 2021","0","Semalem jam 9 mama telp dan aku udah gemeter bgt takut ada apa2. Ternyata adekku yg lagi hamil muda badannya panas. Selalu deh anxiety attack tiap ada yg telp malam2 atau subuh","1398111316426952705","","nadiraspace","in","Kota Surabaya, Jawa Timur","0","0","0","https://x.com/nadiraspace/status/1398111316426952705","231014098","nadiraspace"
"1396391625761296390","Sun May 23 09:22:01 +0000 2021","1","@sumarnoSoibelsa Yang bilang lebay fiks ini mah ga ada empatinya sama sekali. Pertama dia lagi hamil belum lagi dia punya anxiety. Penyebab anxiety nya apa? Karna al bohong terus di eps sebelumnya. When al bohong lagi apa andin ga punya hak buat ke triger?","1396395986587590659","","vangdjllej","in","","0","0","0","https://x.com/inimandalah/status/1396395986587590659","1233403588170391552","inimandalah"
"1393725717070835717","Sun May 16 00:31:19 +0000 2021","2","Ngerasa anxiety kalo ada notif wassap makanya jarang banget cek wassap Tapi pagi ini Nyoba buat balesin chat satu satu Tanya kabar temen temen Ada yang minggu depan nikah ada yang udah hamil Ada yang mau lahiran Ada juga yang mengutuk idup Tapi gapapa idup kadang suka gitu","1393725717070835717","","","in","Gresik - Surabaya","0","1","0","https://x.com/abcl___/status/1393725717070835717","599133636","abcl___"
"1390293333726044161","Thu May 06 13:12:15 +0000 2021","0","Gue gatau hamil apa engga Anjir anxiety","1390293333726044161","","","in","she/her","0","4","0","https://x.com/eufloribae/status/1390293333726044161","1120489733799305216","eufloribae"
"1388749224083300352","Sun May 02 06:56:31 +0000 2021","30","Andin kan punya anxiety disorder karena mendengar kabar Al yg semakin kurang baik tiba2 dia pingsan diperiksalah sama dokter dan ternyata HAMIL makin menjadi kan itu sedihnya tapi itu yg membuat Al bangun #IkatanCintaEp258 #IkatanCintaEp259 #IkatanCinta","1388749224083300352","","","in","indonesia","0","0","0","https://x.com/ikaayurukmana/status/1388749224083300352","513117450","ikaayurukmana"
"1385638371557470210","Fri Apr 23 17:30:34 +0000 2021","0","@InasaF MMR gue tidak nawar mengingat kakak gue pas hamil punakan kena Rubella. While aman sampai lahir tapi the anxiety sampe ponakan gue lahir unbearable sik.","1385647295593467904","","InasaF","in","under the influence","0","0","0","https://x.com/irnarale/status/1385647295593467904","22889162","irnarale"
"1383665400789954571","Sun Apr 18 08:20:03 +0000 2021","16","@NisaarmynyaBTS @starfess ada member twice sih banyak konten hujatannya. kesalahan dulu-dulu kaya suara crack dibawa-bawa. padahal mereka udah berkembang lebih baik bgt. ada lagi member twice yg hiatus karena ada anxiety dikata lagi hamil. serta member twice yg dicompare idol lain dan dihina","1383696817833971716","","BTS_Namjon_twt","in","Central Java, Indonesia","1","3","0","https://x.com/callmeluckygirl/status/1383696817833971716","1020870273220800512","callmeluckygirl"
"1381648072107679749","Mon Apr 12 16:39:04 +0000 2021","0","kucing w mau dikawinin sama kucingnya bu rw emang sih mocha ga akan hamil tapi dia tuh anaknya panikan bahkan kayaknya punya anxiety w takut dianya malah stress","1381648072107679749","","","in","kursi erhonomis ahensi dihital","0","1","0","https://x.com/nvrvnn/status/1381648072107679749","1124279738606817280","nvrvnn"
"1381298515721158661","Sun Apr 11 17:30:04 +0000 2021","0","Keseringan ngedate sama jurnal akhir2 ini dan tiba2 mual . . Apakah Aku hamil gara2 jurnal? wah","1381298515721158661","","","in","Cirebon, West Java","0","0","0","https://x.com/UrFriendly_Duck/status/1381298515721158661","337692068","UrFriendly_Duck"
"1377981872483889162","Fri Apr 02 13:50:54 +0000 2021","1"," Sebelum Ini Pernah Ada Anxiety Baby Baru On The Way Siti Sarah Kembali Hamil Selepas . https://t.co/KtG0alKTOf","1377981872483889162","","","in","Malaysia","0","0","0","https://x.com/xtramy_/status/1377981872483889162","171858132","xtramy_"
"1377523072471687168","Thu Apr 01 07:27:48 +0000 2021","1","*30 menit sebelum pendampingan ibu hamil pertama dan partner gua ilang* My anxiety : ","1377523072471687168","","","in","Indonesia","0","2","0","https://x.com/DamarWibawa/status/1377523072471687168","1673292716","DamarWibawa"
"1375481071156924425","Sat Mar 27 12:51:18 +0000 2021","4","PCOS boleh menyebabkan infertility kencing manis semasa hamil depression anxiety dan perdarahan rahim yang tidak normal. Oleh kerana ia berkait dengan obesiti dan jarang haid maka ia juga dikaitkan dengan kanser dinding rahim (endometrial cancer).","1375792544408162323","","DocMummy22","in","","0","1","3","https://x.com/DocMummy22/status/1375792544408162323","1099694457807499264","DocMummy22"
"1371500698928619525","Mon Mar 15 17:15:49 +0000 2021","0","@sefspace Aku honestly tambah banyak anxiety abis lahiran cuuul. Lebih ke mempertanyakan diri sendiri udah bener durung ya anakku gmn ya perasaannya gmn badannya dkk. Pas hamil aku losssss kayak let it flow. Begitu muncul anaknya keliatan. Kayak gini dia pules pun tak liatin terus.","1371510457329086464","","sefspace","in","Indonesia","0","1","0","https://x.com/rikssss/status/1371510457329086464","183576827","rikssss"
"1370382519279919107","Fri Mar 12 14:33:47 +0000 2021","15","Omaigatt.. ngakak terdasyat mlm ini Baru tau klu hamil dari suami posesif dan protectif yg tak ada tandingannya kehamilan akan mengandung darah tinggi nada tinggi getaran tinggi bahkan bisa memicu Anxiety. Gilaak malapetaka bangeett Ampuun dah.. #IkatanCintaEp199","1370382519279919107","","","in","Indonesia","0","1","0","https://x.com/Veronikars23/status/1370382519279919107","1358298378715631616","Veronikars23"
"1369426814012121090","Tue Mar 09 23:16:09 +0000 2021","0","The real sed boy.. dituduh bunuh maknya terus penyebab utama semuanya org terdekat dan paling nyesek si heroinnya udah mati-matian diselamatin eh dah hamil ama yg lain wkwkwk","1369426814012121090","","","in","Indonesia","0","0","0","https://x.com/Dimas262626/status/1369426814012121090","153742809","Dimas262626"
"1367350054856646656","Thu Mar 04 06:00:19 +0000 2021","0","@Ulvatus1 Tapi mungkin pas andin hamil yg beneran diliarang keknya.. Dia hamil + anxiety juga ","1367354199042850821","","Ulvatus1","in","","0","1","0","https://x.com/Arroyando2/status/1367354199042850821","1344279013410410498","Arroyando2"
"1364447236101312513","Wed Feb 24 05:35:06 +0000 2021","23","@jodanspace kasian dia tuh he lives his life as an alpha trus tiba2 berubah jd omega trus diperkosa trus hamil trus anxiety sm anaknya krn dia gapernah tau rasanya sayang atau disayang","1364448750190530563","","jodanspace","in","","1","2","0","https://x.com/flyoverdepok/status/1364448750190530563","1112201933425541120","flyoverdepok"
"1355999323461304325","Sun Jan 31 22:00:06 +0000 2021","0","yg bikin males buka insta banyak bertebaran spoiler apalagi sekarang dari sasha ampe maid hamil smh","1355999323461304325","","","in","Indonesia","0","0","0","https://x.com/Dimas262626/status/1355999323461304325","153742809","Dimas262626"
"1355870356880248835","Sun Jan 31 13:27:38 +0000 2021","5","ku dah menunggu kirain positif hamil gataunya positif tanda2 anxiety :))) ok apa lagi plot selanjutnya #ikatancinta","1355870356880248835","","","in","","0","0","1","https://x.com/shrimpseon/status/1355870356880248835","1351452650483576835","shrimpseon"
"1355523432788594690","Sun Jan 31 00:04:49 +0000 2021","0","@alberdebardebar Penerawangan saya itu krn faktor psikis karena beban batin kecemasan (anxiety) dan trauma dalam yg berat menyebabkan dia kelelahan kronis lahir dan batin klu gk segera diatasi bisa depresi ringan. Tapi klu hamil ya Alhamdulillah. Otw Penang kita tiket gratis dr Sultan. ","1355668319995535360","","random_domran","in","","0","1","0","https://x.com/AzriErni/status/1355668319995535360","1350947664570052611","AzriErni"
"1350650969848123393","Sun Jan 17 11:00:31 +0000 2021","1","@uusbiasaaja Nah ini nih satu jenis..sama tipikel cewek2 yg pacaran ma cowoknya dikosan berdua'an lanjut mantap2 ehh ketika hamil nyalahin takdir Yang anxiety bukan semesta tapi diri kita sendiri.","1350759903258832899","","uusbiasaaja","in","bandung","0","0","0","https://x.com/vrambanan/status/1350759903258832899","2302430221","vrambanan"
"1342902022463397888","Sun Dec 27 01:49:10 +0000 2020","0","@hrdbacot Hi sender i feel u! Lg pandemi dan hamil bikin gw ga bisa kemana2 dan kgn bgt nongkrong sm temen. That's okay sender. Anxiety org makin tinggi lg pandemi karna sering feeling lonely. Semangat ya sender","1343011006113443840","","hrdbacot","in","","0","0","0","https://x.com/balunsyiaga/status/1343011006113443840","1052381585348026368","balunsyiaga"
"1336899200060014598","Thu Dec 10 05:03:02 +0000 2020","0","Positif covid 19 disaat hamil ini membingungkan. Kalau sesak bingung ini karena emang hamidun atau karena sisa bangkai covid nya. Anxiety all the time.","1336899200060014598","","","in","Indonesia","0","0","0","https://x.com/iskantasya/status/1336899200060014598","72226911","iskantasya"
"1332294547628384256","Fri Nov 27 12:05:47 +0000 2020","0","samaaa a mau jdi surrogate mother aja tp ga yakin juga krn ak bukan tkut gemuk sih mkirin hamil punya anak mmebesarkan anak udah anxiety kambuh langsug sesak kadang","1332294547628384256","","","in","Dreamland ","1","1","0","https://x.com/urasawachamois/status/1332294547628384256","1620712466","urasawachamois"
"1324956007445929984","Sat Nov 07 06:05:03 +0000 2020","1","2020 ini aku merasa anxiety ku makin bertambah. punya kantor sendiri tuh membosankan dan sepi banget apa-apa ngerjain sendiri. temen-temen udah susah ketemu mulai dari karna covid atau karna mereka udah sibuk sendiri (hamil punya anak dll). nyari pasangan pun malas. ","1324956007445929984","","","in","Jakarta, Indonesia","0","3","0","https://x.com/dhyeraa/status/1324956007445929984","94970975","dhyeraa"
"1323097398197940224","Mon Nov 02 03:29:28 +0000 2020","0","@de292516 ada antis yg bikin artikel gitu katanya mba j itu pura pura anxiety padahal aslinya lagi hamil 3 bulan... sinting kali ya","1323104913891622912","","minionreo","in","2OO5","1","1","1","https://x.com/marsppl/status/1323104913891622912","1054994681011077120","marsppl"
"1318225062059667456","Mon Oct 19 16:18:41 +0000 2020","0","atau sebagai perempuan yang suatu hari nanti akan ada waktunya hamil. meskipun ditanggung orang lain tapi itu ga jamin. aku riset biaya mulai 15-30 juta sekarang. gimana dengan waktuku nanti? bisa aja sampai 50 juta. itu anxiety gw akhir ini.","1318225065528287238","","ettelelele","in","","0","1","0","https://x.com/ettelelele/status/1318225065528287238","1204157226018959360","ettelelele"
"1314973593613205507","Sat Oct 10 17:02:40 +0000 2020","0","Topson juga uda ga anxiety mikirin istrinya yang lagi hamil karna udah lahiran lesgooo bois","1314974643506221057","","ampsya","in","Roshan Pit","0","0","0","https://x.com/ampsya/status/1314974643506221057","1042914301139271682","ampsya"
"1310594151826694144","Mon Sep 28 14:56:10 +0000 2020","103","Minggu ini saya jumpa dua ibu yang melalui proses IVF. Malangnya seorang hamil luar rahim &amp; seorang lagi keguguran. Kami berkongsi pengalaman melalui proses IVF. Cucuk ubat bloated the anxiety during two week wait. Semoga ibu2 itu diberikan rezeki anak suatu hari nanti","1310594151826694144","","","in","","4","2","28","https://x.com/DocMummy22/status/1310594151826694144","1099694457807499264","DocMummy22"
"1306421281881874432","Thu Sep 17 16:36:35 +0000 2020","2","@randomgoodsever @bangjallal @hrdrules @giewahyudi oh anxiety ya soalny daerahku smnjak #dirumahaja wrga disini bnyak positif hamil ketimbang positif covid 19 ka","1306633156280246272","","rudeuslibr","in","Palembang","0","1","0","https://x.com/Real_OlanBusali/status/1306633156280246272","1922372730","Real_OlanBusali"
"1303342290262351876","Tue Sep 08 14:41:33 +0000 2020","0","Anyiiiiing sercing di Google dikasih penjelasan sedang ada hantu gentayangan sama pertanda wanita hamil tanpa suami Ilmiah sekaliiiiii aku sukaaaaa","1303342719801024516","","semestakatarsis","in","YK - JKT","0","1","0","https://x.com/semestakatarsis/status/1303342719801024516","795530862896947200","semestakatarsis"
"1296762945343381504","Fri Aug 21 12:28:05 +0000 2020","0","@BanyuSadewa @ditzme Enggak HS nyu cuman cuddle. Tapi abis itu telat. Sejak itu dia takut. Pas cuddle tuh dia keluar precum gitu di celana dalemnya. Dia takut dari precum bisa kejadian hamil gitu. Gak logis sih. Tapi ya gitu itu anxiety","1296786149373964288","","BanyuSadewa","in","DKI Jakarta, Indonesia","0","1","0","https://x.com/akulakuakulaku/status/1296786149373964288","99108886","akulakuakulaku"
"1296762945343381504","Fri Aug 21 11:34:31 +0000 2020","0","@tonyazizz @BanyuSadewa Jamanku SD ini mah gamau pegangan tangan sm temen cowok krn takut hamil polos sm bego emang beda tipis.. Sorry ya tanpa menyinggung yg anxiety .. ini hanya soal kegoblokanku saja wkwk","1296772665760309248","","akulakuakulaku","in","","0","0","0","https://x.com/bakungmadona/status/1296772665760309248","899050098499362816","bakungmadona"
"1293024296151875584","Tue Aug 11 03:19:50 +0000 2020","0","3 tahun terakhir ini ak habiskan dgn stress anxiety &amp; learned helplessness..krna kuliah.. trs pas udh lulus gupuh mau kerja ini itu tpi krna pandemi + udh hamil besar yaweslah menikmati gap year ku menganggur ajalah~","1293024296151875584","","","in","","0","1","0","https://x.com/syahnazalfa/status/1293024296151875584","52708585","syahnazalfa"
"1281613569893654528","Fri Jul 10 15:41:24 +0000 2020","0","@aMrazing Gw ikutan istri nonton HBM pas dia hamil gede parno anxiety langsung.. tapi dia nonton terus dengan santai. Terus jadi nyimak tp parno tp pengen nonton ","1281614505852563457","","aMrazing","in","","0","0","0","https://x.com/BigGuzz/status/1281614505852563457","43511331","BigGuzz"
"1280075892287369218","Mon Jul 06 14:19:41 +0000 2020","1","Udah dikonfirmasi: kemungkinan besar hamil. Tp kok gejala heat nya ada ya? Apa mungkin salah baca mungkin lbh ke anxiety di lingkungan baru? Gini toh rasanya jd mama-cat.","1280144389726064640","","theonlykika","in","between cities ","0","0","0","https://x.com/theonlykika/status/1280144389726064640","98150793","theonlykika"
"1278288525318778880","Wed Jul 01 11:25:08 +0000 2020","305","Lur besok sodara suamiku ngerayakno 3 bulane adikne hamil masalahne iku aku yg nikah 2th blm dikasih sama Tuhan trs wedi harus bersikap piye lek dulure takon kpn aku nyusul aku sampek anxiety rasane tp ini acara wajib aku harus jwb apa klo ada yg tanya kapan punya anak? https://t.co/8UAgvkzsAa","1278288525318778880","https://pbs.twimg.com/media/Eb1ko7dU8AALWu_.jpg","","in","java island tengah lan wetan","2","123","12","https://x.com/jawafess/status/1278288525318778880","1163303067879477248","jawafess"
"1278218074408120320","Wed Jul 01 06:45:11 +0000 2020","82","Lur besok sodara suamiku ngerayakno 3 bulane adikne hamil masalahne iku aku yg nikah 2th blm dikasih sama Tuhan trs wedi harus bersikap piye lek dulure takon kpn aku nyusul aku sampek anxiety rasane tp ini acara wajib aku harus jwb apa klo ada yg tanya kapan punya anak? https://t.co/QYpxiBIaDY","1278218074408120320","https://pbs.twimg.com/media/Eb0kkJdU4AAcwE6.jpg","","in","java island tengah lan wetan","0","30","1","https://x.com/jawafess/status/1278218074408120320","1163303067879477248","jawafess"
"1277664434853343232","Mon Jun 29 18:05:13 +0000 2020","0","jam segini belum tidur juga. =.= padahal jam-jam segini jamnya aku prone to overthinking anxiety depression dan cikal bakal baby blues (yg aku hindari bgt). plus udah mengurangi begadang sejak sebelum hamil biar lebih healthy aja buatku dan baby.","1277664434853343232","","","in","","0","1","0","https://x.com/halopopon/status/1277664434853343232","1154656920214487041","halopopon"
"1277105513918955520","Sun Jun 28 12:07:23 +0000 2020","0","Besuk lusa aku bakal biopsi lagi InsyaAllah dan saat ini jd agak anxiety hehe yakin sih kalo bakterinya udah gak ada InsyaAllah tapi takut kalo kena lagi. Doain hasilnya bagus dan jauh jauuuh dr TB selamanya jd boleh nikah dan hamil wkwkk","1277211995297611778","","shlvya_","in","Kota Madiun, Jawa Timur","0","1","0","https://x.com/shlvya_/status/1277211995297611778","85523294","shlvya_"
"1268803922644201473","Fri Jun 05 07:17:34 +0000 2020","0","Soalnya dari dulu kalo piara anjing pasti anjing cowo mulu. Sekalinya piara yang cewe itupun gapernah hamil. Jadi anxiety w baru pertama kali hhhhh","1268804136344027136","","moonchildblade","in","Ayato Kirishimaüíú","0","1","0","https://x.com/moonchildblade/status/1268804136344027136","859742921989308416","moonchildblade"
"1267477354445631492","Tue Jun 02 01:25:03 +0000 2020","74","pagi! aku buka po lagi ya buat calming balm ini. ini apa sih? balm gabungan essential oil yang fungsinya mengurangi anxiety stress dan insomnia. semua itu diikat oleh sweet almond oil shea butter dan beeswax. tidak untuk anak di bawah usia 12 tahun dan yang sedang hamil ya. https://t.co/epylXZ0dWy","1267628261036548103","https://pbs.twimg.com/media/EZeFLVKVcAExYR3.jpg","tehnit4","in","","8","10","13","https://x.com/tehnit4/status/1267628261036548103","40463984","tehnit4"
"1264122350208872448","Sat May 23 10:58:52 +0000 2020","0","@allyssumn terlalu banyak overthinking jd anxiety trs hamil :(","1264148788089729024","","allyssumn","in","+62","0","1","0","https://x.com/lilalpacca/status/1264148788089729024","850054766285602817","lilalpacca"
"1261054004844347392","Thu May 14 22:03:32 +0000 2020","0","Kurang dari 1 tahun udah berubah status 3 kali kaya berasa roller coaster . Nangis ?? Sering banget apalagi pas hamil . Anxiety makin parah . Insecure ?? Udah pasti","1261054567527051264","","videaaisyah95","in","sidoarjo malang","0","1","0","https://x.com/videaaisyah95/status/1261054567527051264","1471289430","videaaisyah95"
"1260108694127169537","Tue May 12 12:29:06 +0000 2020","0","@bukannanasss Pas lagi hamil sering di doain ga baik jadi gitu gede nya","1260185227504173056","","Rageer","in","","0","0","0","https://x.com/KellenIgnatius/status/1260185227504173056","1166618191117922305","KellenIgnatius"
"1257813145147420672","Wed May 06 01:47:07 +0000 2020","0","@sasyachi Sure kak. Apalagi hamil waktu lagi pandemi will get you more anxiety. Semoga kalian berdua sehat yah ","1257849342079021057","","sasyachi","in","Okinawa-ken, Japan","0","0","0","https://x.com/nfinung/status/1257849342079021057","375381062","nfinung"
"1250795134658068480","Thu Apr 16 18:09:34 +0000 2020","0","@mbahndi Saya dok hpl 9 juli. Punya anxiety lagi hamil pas pademi lahiran sc anak ke 3 lagi. Aduh campur aduk tiap malam ga bisa tidur ","1250848826044198912","","mbahndi","in","Yogyakarta","0","0","0","https://x.com/rarainrandy/status/1250848826044198912","81756877","rarainrandy"
"1249475591365001216","Sun Apr 12 23:12:49 +0000 2020","1","Jadi bener ya perempuan hamil dan sesudah melahirkan tuh hormonnya kurang bisa diajak kompromi mikir bener. Lebih anxiety insecure dll gitu Belum ngalamin tapi memperhatikan","1249475591365001216","","","in","‚ù§Ô∏è‚Äçüî•‚òïüç∞","0","1","0","https://x.com/picknova121/status/1249475591365001216","859503733","picknova121"
"1247536112433631232","Tue Apr 07 14:46:01 +0000 2020","0","saban hari netflix n chill (not actuall netfl but--) disamperin 2 kucing nempel di paha apa tidak mood kek gitu kok masi aja anxiety memang dulu pas hamil aku ibuku ngidam nya overthinking ama pas ML ama daddy bikinya diselipin anxiety","1247536112433631232","","","in","","0","0","0","https://x.com/vagastya1/status/1247536112433631232","1032525363518222336","vagastya1"
"1246645343451639808","Sun Apr 05 08:19:21 +0000 2020","0","@LiongkyTan Tapi yaitu saya lebih menjaga mental teman2 dan orang sekitar saya. Kadang ada orang yg gak bisa mengontrol anxiety mereka. Apalagi ibu-ibu hamil. Wah takut banget itu klo mentalnya kena takut berpengaruh ke janin juga.","1246714028434403328","","sayursopenjoyer","in","","0","0","0","https://x.com/sayursopenjoyer/status/1246714028434403328","355942589","sayursopenjoyer"
"1246450435298193408","Sat Apr 04 14:58:40 +0000 2020","0","@satalinoo @STRESSKlT Siapa yang hamil hah","1246452132175200256","","jonfseong","in","thw","0","2","0","https://x.com/oceaxszhn/status/1246452132175200256","1077003498279993344","oceaxszhn"
"1239330512675598336","Sun Mar 15 23:42:31 +0000 2020","0","@aldechan Hamil dan anxiety sementara kucing selamanya","1239336206325829632","","aldechan","in","Taneak Jang","0","0","0","https://x.com/Nataigama/status/1239336206325829632","1040856884020862976","Nataigama"
"1239330512675598336","Sun Mar 15 23:19:54 +0000 2020","0","Aku mau konsisten posting konten kucing hamil dan anxiety saja","1239330512675598336","","","in","Indonesia","0","2","0","https://x.com/aldechan/status/1239330512675598336","50486580","aldechan"
"1238019462835531776","Sun Mar 15 00:06:36 +0000 2020","0","@menyoutrust Takut hamil ? Wkwk","1238979875618185217","","menyoutrust","in","","0","1","0","https://x.com/alviieawsm05/status/1238979875618185217","1168141486405193728","alviieawsm05"
"1235823137150787584","Fri Mar 06 07:02:51 +0000 2020","0","profesor ku hamil dan aku yg kena anxiety... she looks in pain ","1235823137150787584","","","in","Garreg Mach","0","1","0","https://x.com/silvermoon0808/status/1235823137150787584","160210697","silvermoon0808"
"1232108781980372992","Tue Feb 25 06:28:37 +0000 2020","0","@dyahfrz PALALUR PADA HAMIL WKWKWK","1232190645059538944","","dyahfrz","in","Bandung, Indonesia","0","1","0","https://x.com/thisisnotrafiq/status/1232190645059538944","76842732","thisisnotrafiq"
"1232187683197181952","Tue Feb 25 06:16:51 +0000 2020","0","Mampus udah berapa tuh yg hamil","1232187683197181952","","","in","Bandung, Indonesia","0","1","0","https://x.com/thisisnotrafiq/status/1232187683197181952","76842732","thisisnotrafiq"
"1217838933410627584","Thu Jan 16 16:00:02 +0000 2020","0","Ya Allah cemen sekali padahal cuma minum kopi+coklat bukan kopi tok tapi mual mual anxiety kayak ibu hamil","1217838933410627584","","","in","Tokyo-to, Japan","0","1","0","https://x.com/ppiyopio/status/1217838933410627584","307807166","ppiyopio"
"1212369022894792705","Wed Jan 01 13:44:34 +0000 2020","0","Alhmdulillah next COD utk hrini. 3 tmpt COD xtrmsuk lg dgn postage Wow berderet2 org order Shaklee. Alhmdulillh syukur! Oste dan b comp ni utk sorg akak yg sdg hamil dia ada mslh sembelit &amp; anxiety. Mudah-mudahan supplement ni bantu akak untuk tampil lebih sihat ya. Aamiin https://t.co/pHNV0Bk5bZ","1212369022894792705","https://pbs.twimg.com/media/ENMzMMtUUAEXsQF.jpg","","in","Kuantan, Pahang","0","1","0","https://x.com/anisazmi9106/status/1212369022894792705","3149041364","anisazmi9106"
"121220076417454082","Tue Oct 04 13:48:13 +0000 2011","0","Hayo ghina..hehe piiss..RT @ginaaulia: euleug ghin :O ku tak menyangkaRT @ghinaHad: Apa kamu ngidam2? Dipikir saya hamil! - -RT @Rafiik","121220076417454082","","","in","Bandung, Indonesia","0","0","0","https://x.com/thisisnotrafiq/status/121220076417454082","76842732","thisisnotrafiq"
"114668372779737089","Fri Sep 16 11:54:05 +0000 2011","0","Ngga din. Au neh...g lg anxious aja RT @Dinna_Permana: @aganeswari: Eneg. Eneg. Eneg. Eneg. Anxiety attack. Hamil lagi neg?","114668372779737089","","","in","Indonesia","0","1","0","https://x.com/aganeswari/status/114668372779737089","39456192","aganeswari"
"60955272750972928","Thu Apr 21 06:37:24 +0000 2011","0","Ibu akan kembali bekerja setelah cuti hamil habis? Yuk memahami separation anxiety manajemen waktu dll. @mommiesdaily #PeekABook3","60955272750972928","","","in","Jakarta","0","0","0","https://x.com/BuahHatiBooks/status/60955272750972928","74099286","BuahHatiBooks"
"31345853004259329","Sat Jan 29 13:42:04 +0000 2011","0","pengen nyari alat ukur anxiety buat ibu hamil.. Bingung yang palig bagus pake apa.. @G_and_I cari apa?tak cariin mn? RT @Yossy_Catarina:","31346340210409472","","G_and_I","in","Semarang","0","0","0","https://x.com/Yossy_Catarina/status/31346340210409472","111565150","Yossy_Catarina"
"24300750704214018","Mon Jan 10 03:05:25 +0000 2011","0","asya hamil? astaga... :p RT @asyasyoo: @corneliusvito gatau ni bo belum ke dokter yg pasti muntah2 gitu :(","24300750704214018","","","in","√úT: -6.386475,106.82406","0","0","0","https://x.com/corneliusvito/status/24300750704214018","52041254","corneliusvito"
"10521899794","Mon Mar 15 15:27:18 +0000 2010","0","@KiHPaTooTie Can't have coffee without the anxiety.Semalam begadang dan minum kopi efeknya ky vertigo. Melayang +mual.Pdhl kan gak hamil :p","10522050260","","KiHarahap","in","amrazing007@gmail.com","0","0","0","https://x.com/aMrazing/status/10522050260","76298119","aMrazing"
"9002013025","Fri Feb 12 09:27:20 +0000 2010","0","@babababaaaa bisa ba. hamil virtual","9002013025","","bahtawar","in","√úT: -6.386475,106.82406","0","0","0","https://x.com/corneliusvito/status/9002013025","52041254","corneliusvito"
"7032229848","Fri Dec 25 13:38:29 +0000 2009","0","@vvnrostan serius lo mau coba hamil ? permintaan lo aneh","7032229848","","msrostan","in","√úT: -6.386475,106.82406","0","0","0","https://x.com/corneliusvito/status/7032229848","52041254","corneliusvito"
